﻿FirstName,Address,City,State,Zip,GuestId,Phone,LastName
Zlatka,26 bat,Basildon,IA,51501,1,(291) 553-0509,Ciorica
Mack,379 Old Shore Street,Council Bluffs,IA,51501,2,(291) 553-0508,Simmer
Bettyann,750 Wintergreen Dr.,Wasilla,AK,99654,3,(478) 277-9632,Seery
Duane,9662 Foxrun Lane,Harlingen,TX,78552,4,(308) 494-0198,Cullison
Karie,9378 W. Augusta Ave.,West Deptford,NJ,8096,5,(214) 730-0298,Yang
Aurore,762 Wild Rose Street,Saginaw,MI,48601,6,(377) 507-0974,Lipton
Zachery,7 Poplar Dr.,Arvada,CO,80003,7,(814) 485-2615,Luechtefeld
Jeremiah,70 Oakwood St.,Zion,IL,60099,8,(279) 491-0960,Pendergrass
Walter,7556 Arrowhead St.,Cumberland,RI,2864,9,(446) 396-6785,Holaway
Wilfred,77 West Surrey Street,Oswego,NY,13126,10,(834) 727-1001,Vise
Maritza,939 Linda Rd.,Burke,VA,22015,11,(446) 351-6860,Tilton
Joleen,87 Queen St.,Drexel Hill,PA,19026,12,(231) 893-2755,Tison
