Room,Type,Amenities,ADA Accessible,Standard Occupancy,Maximum Occupancy,Base Price,Extra Person
201,Double,"Microwave, Jacuzzi",No,2,4,199.99,10
203,Double,"Microwave, Jacuzzi",No,2,4,199.99,10
301,Double,"Microwave, Jacuzzi",No,2,4,199.99,10
303,Double,"Microwave, Jacuzzi",No,2,4,199.99,10
206,Single,"Microwave, Refrigerator",Yes,2,2,149.99,null
208,Single,"Microwave, Refrigerator",Yes,2,2,149.99,null
308,Single,"Microwave, Refrigerator",Yes,2,2,149.99,null
306,Single,"Microwave, Refrigerator,",Yes,2,2,149.99,null
205,Single,"Microwave, Refrigerator, Jacuzzi",No,2,2,174.99,null
207,Single,"Microwave, Refrigerator, Jacuzzi",No,2,2,174.99,null
305,Single,"Microwave, Refrigerator, Jacuzzi",No,2,2,174.99,null
307,Single,"Microwave, Refrigerator, Jacuzzi",No,2,2,174.99,null
401,Suite,"Microwave, Refrigerator, Oven",Yes,3,8,399.99,20
402,Suite,"Microwave, Refrigerator, Oven",Yes,3,8,399.99,20
202,Double,Refrigerator,Yes,2,4,174.99,10
204,Double,Refrigerator,Yes,2,4,174.99,10
302,Double,Refrigerator,Yes,2,4,174.99,10
304,Double,Refrigerator,Yes,2,4,174.99,10
